,City Name,Country Code,Temperature(F),Humidity(%),Cloudiness (%),Wind Speed (mph),Latitude
0,port elizabeth,za,38.88,44.0,75.0,17.22,39.31
1,vaini,to,63.25,78.0,8.0,2.98,15.34
2,bredasdorp,za,64.4,63.0,92.0,3.36,-34.53
3,ixtapa,mx,75.2,88.0,75.0,10.29,20.71
4,rikitea,pf,80.3,100.0,68.0,20.76,-23.12
5,borogontsy,ru,-19.51,56.0,0.0,2.75,62.67
6,jamestown,sh,78.5,46.0,0.0,5.21,-33.21
7,kavieng,pg,82.91,100.0,88.0,7.56,-2.57
8,honningsvag,no,17.6,78.0,75.0,2.24,70.98
9,kodiak,us,53.6,34.0,1.0,12.75,39.95
10,carnarvon,au,51.23,43.0,32.0,3.2,-30.97
11,byron bay,au,71.6,83.0,90.0,11.41,-28.65
12,albany,au,33.78,55.0,75.0,14.99,42.65
13,thompson,ca,24.8,41.0,75.0,6.93,55.74
14,antalaha,mg,74.5,100.0,48.0,3.76,-14.9
15,ushuaia,ar,46.4,61.0,40.0,5.82,-54.81
16,airai,pw,73.06,91.0,36.0,1.74,-8.93
17,maldonado,uy,71.6,83.0,0.0,2.24,-34.91
18,ucluelet,ca,46.4,61.0,20.0,6.93,48.94
19,butaritari,ki,82.55,100.0,68.0,12.71,3.07
20,sinjar,iq,49.25,81.0,8.0,6.55,35.59
21,torbay,ca,28.4,100.0,75.0,20.8,47.66
22,cape town,za,64.4,63.0,20.0,6.93,-33.93
23,margate,za,66.2,68.0,75.0,9.17,-43.03
24,znamenskoye,ru,2.18,68.0,64.0,2.98,57.13
25,kropotkin,ru,35.3,93.0,92.0,11.03,45.43
26,praia da vitoria,pt,50.0,81.0,40.0,38.88,38.73
27,viedma,ar,64.55,67.0,0.0,15.28,-40.81
28,saskylakh,ru,-9.16,67.0,76.0,5.1,71.97
29,faya,td,58.12,82.0,0.0,2.75,18.39
30,price,us,59.0,13.0,1.0,17.22,39.6
31,coruripe,br,81.11,97.0,0.0,17.63,-10.12
32,moranbah,au,75.35,62.0,80.0,17.29,-22.0
33,valparaiso,cl,35.96,47.0,1.0,6.93,41.47
34,kyabram,au,74.41,64.0,0.0,7.11,-36.31
35,castro,cl,51.55,82.0,56.0,3.53,-42.48
36,avarua,ck,86.0,74.0,75.0,10.29,-21.21
37,tuktoyaktuk,ca,-3.61,77.0,20.0,16.11,69.44
38,bandarbeyla,so,76.52,100.0,0.0,11.14,9.49
39,cienfuegos,cu,74.82,69.0,0.0,6.93,22.15
40,sitrah,bh,71.44,60.0,5.0,8.05,26.15
41,ancud,cl,51.05,79.0,68.0,1.41,-41.87
42,riyadh,sa,69.8,31.0,0.0,9.01,24.63
43,hobyo,so,75.08,83.0,0.0,13.6,5.35
44,ulladulla,au,71.6,60.0,75.0,3.36,-35.36
45,hofn,is,31.79,100.0,8.0,17.07,64.25
46,hilo,us,64.27,68.0,90.0,8.05,19.71
47,whitecourt,ca,33.8,50.0,20.0,16.11,54.14
48,hobart,au,66.2,68.0,75.0,9.17,-42.88
49,punta arenas,cl,48.2,57.0,0.0,11.41,-53.16
50,pangkalanbuun,id,73.64,99.0,48.0,4.21,-2.68
51,arraial do cabo,br,74.45,100.0,92.0,7.67,-22.97
52,cayenne,gf,78.8,78.0,75.0,6.93,4.94
53,dikson,ru,-6.06,88.0,32.0,18.19,73.51
54,busselton,au,65.41,100.0,64.0,25.12,-33.64
55,astana,kz,19.4,92.0,90.0,8.95,51.13
56,hermanus,za,54.88,82.0,88.0,1.97,-34.42
57,ponta do sol,cv,69.55,97.0,80.0,2.98,-20.63
58,kahului,us,69.66,57.0,75.0,21.92,20.89
59,waingapu,id,78.28,92.0,68.0,5.99,-9.65
60,georgetown,sh,78.8,83.0,20.0,6.93,6.8
61,ujhani,in,62.8,67.0,0.0,9.24,28.0
62,san lawrenz,mt,57.2,100.0,20.0,5.82,36.06
63,bluff,nz,80.66,50.0,24.0,16.84,-23.58
64,sitka,us,66.31,23.0,24.0,6.22,37.17
65,ketchikan,us,42.8,100.0,90.0,14.99,55.34
66,kingisepp,ru,25.76,86.0,88.0,6.11,59.38
67,matara,lk,45.83,97.0,48.0,1.41,-13.74
68,vyartsilya,ru,24.14,91.0,92.0,11.03,62.18
69,norman wells,ca,14.0,61.0,75.0,6.93,65.28
70,hithadhoo,mv,83.36,100.0,88.0,14.83,-0.6
71,pangnirtung,ca,3.2,65.0,90.0,5.82,66.15
72,qandala,so,53.53,100.0,0.0,2.19,11.47
73,luderitz,na,60.8,87.0,0.0,8.05,-26.65
74,sola,vu,26.6,86.0,90.0,6.93,62.78
75,soe,id,32.0,96.0,92.0,8.05,57.91
76,streator,us,37.4,47.0,1.0,4.7,41.12
77,clyde river,ca,-13.01,75.0,40.0,16.11,70.47
78,lata,sb,36.02,66.0,0.0,2.75,30.78
79,ugoofaaru,mv,82.6,100.0,0.0,10.47,5.67
80,mataura,pf,59.11,74.0,20.0,7.45,-46.19
81,tiksi,ru,-26.85,42.0,12.0,5.77,71.64
82,lodja,cd,71.21,97.0,36.0,2.98,-3.52
83,khromtau,kz,10.1,85.0,0.0,7.56,50.26
84,noumea,nc,69.8,100.0,90.0,16.11,-22.28
85,cherskiy,ru,-19.24,57.0,36.0,3.76,68.75
86,kapaa,us,72.57,60.0,75.0,21.92,22.08
87,esperance,au,78.8,74.0,20.0,5.82,10.24
88,lidkoping,se,26.6,92.0,80.0,2.24,58.51
89,rio gallegos,ar,44.6,75.0,75.0,13.87,-51.62
90,sambava,mg,77.56,100.0,12.0,9.01,-14.27
91,ilulissat,gl,-11.21,52.0,5.0,1.12,69.22
92,ambon,id,53.6,87.0,0.0,6.93,47.55
93,east london,za,69.28,100.0,8.0,14.16,-33.02
94,lebu,cl,39.98,65.0,0.0,1.97,8.96
95,amga,ru,-13.03,59.0,20.0,3.53,60.89
96,san cristobal,ec,57.2,71.0,75.0,20.8,-0.39
97,la ronge,ca,23.0,67.0,90.0,11.41,55.1
98,chokurdakh,ru,-31.03,53.0,8.0,5.21,70.62
99,tilichiki,ru,-1.11,80.0,68.0,4.21,60.47
100,gigmoto,ph,76.03,100.0,92.0,14.05,13.78
101,mar del plata,ar,58.21,48.0,56.0,19.64,-46.43
102,sioux lookout,ca,27.66,35.0,20.0,6.93,50.1
103,elizabeth city,us,45.32,42.0,1.0,8.05,36.3
104,kavaratti,in,84.13,100.0,0.0,9.13,10.57
105,barrow,us,79.45,35.0,0.0,10.13,-38.31
106,husavik,is,13.66,74.0,0.0,5.66,50.56
107,bogande,bf,72.47,51.0,0.0,2.98,12.97
108,ashford,gb,50.88,87.0,92.0,13.87,51.15
109,sayan,pe,60.5,61.0,0.0,2.42,15.88
110,saint-francois,gp,51.8,76.0,68.0,14.99,46.42
111,tiarei,pf,87.8,66.0,40.0,4.7,-17.53
112,nikolskoye,ru,30.2,74.0,75.0,6.71,59.7
113,kralendijk,an,80.6,78.0,20.0,23.04,12.15
114,blagoveshchensk,ru,-11.21,76.0,0.0,2.24,50.29
115,pavilosta,lv,35.6,100.0,68.0,2.24,56.89
116,mareeba,au,80.6,78.0,40.0,14.99,-16.99
117,college,us,27.19,79.0,75.0,8.05,64.86
118,deputatskiy,ru,-33.96,58.0,8.0,2.64,69.3
119,novyy urengoy,ru,-1.11,80.0,76.0,5.55,66.08
120,djenne,ml,81.25,26.0,0.0,12.15,13.91
121,state college,us,28.38,63.0,90.0,12.75,40.79
122,sao jose da coroa grande,br,77.56,90.0,8.0,10.58,-8.9
123,evanston,us,35.2,50.0,1.0,9.17,42.04
124,pisco,pe,73.4,73.0,0.0,24.16,-13.71
125,vanimo,pg,83.36,100.0,12.0,16.51,-2.67
126,bubaque,gw,77.0,69.0,0.0,6.93,11.28
127,kaitangata,nz,58.61,75.0,36.0,9.13,-46.28
128,saldanha,za,51.95,97.0,92.0,18.63,41.42
129,hesla,in,54.61,76.0,0.0,5.1,24.07
130,khatanga,ru,-18.48,54.0,44.0,10.02,71.98
131,severo-kurilsk,ru,36.61,90.0,92.0,16.06,50.68
132,geraldton,au,23.0,57.0,90.0,4.7,49.72
133,sorong,id,79.9,100.0,92.0,5.1,-0.86
134,tres arroyos,ar,79.45,35.0,0.0,10.13,-38.38
135,tasiilaq,gl,19.4,67.0,80.0,13.87,65.61
136,bekhtery,ua,38.0,97.0,44.0,9.24,46.25
137,tual,id,83.23,100.0,32.0,14.16,-5.67
138,athni,in,60.05,75.0,0.0,1.74,16.73
139,nanortalik,gl,25.13,100.0,0.0,26.57,60.14
140,hearst,ca,20.09,78.0,76.0,7.23,49.69
141,brigantine,us,38.82,44.0,90.0,11.41,39.41
142,atuona,pf,82.28,98.0,56.0,20.09,-9.8
143,north bend,us,50.83,71.0,90.0,12.75,43.41
144,puerto escondido,mx,82.4,74.0,5.0,9.17,15.86
145,dalby,au,68.0,72.0,75.0,17.22,-27.18
146,mayo,ca,30.2,46.0,75.0,16.11,63.59
147,phonhong,la,60.8,77.0,75.0,1.52,18.5
148,zhaozhou,cn,11.45,89.0,76.0,12.71,45.71
149,nordfjordeid,no,35.6,80.0,80.0,9.17,61.91
150,gresham,us,52.3,50.0,1.0,8.05,45.51
151,saint-philippe,re,31.53,59.0,1.0,3.36,45.36
152,sao joao da barra,br,75.2,78.0,40.0,6.93,-21.64
153,lompoc,us,61.77,82.0,1.0,12.75,34.64
154,provideniya,ru,7.22,100.0,20.0,23.78,64.42
155,yellowknife,ca,17.6,67.0,20.0,9.17,62.45
156,savannah bight,hn,78.73,98.0,32.0,15.05,16.45
157,anloga,gh,84.2,79.0,20.0,10.29,5.79
158,ola,ru,10.4,72.0,75.0,13.42,59.58
159,mahebourg,mu,71.6,88.0,20.0,5.82,-20.41
160,zhezkazgan,kz,25.67,82.0,92.0,3.2,47.8
161,iqaluit,ca,14.0,85.0,90.0,18.34,63.75
162,batagay,ru,-30.49,50.0,0.0,2.98,67.65
163,araouane,ml,64.78,32.0,0.0,5.21,18.9
164,tahoua,ne,75.13,25.0,0.0,11.25,14.89
165,monrovia,lr,77.0,94.0,20.0,5.44,6.33
166,port macquarie,au,68.0,77.0,75.0,4.7,-31.43
167,touros,br,79.31,89.0,20.0,8.12,-5.2
168,naze,jp,76.52,83.0,24.0,6.22,5.43
169,mitsamiouli,km,83.0,98.0,64.0,9.24,-11.38
170,cap malheureux,mu,71.6,88.0,20.0,5.82,-19.98
171,banda aceh,id,73.55,97.0,0.0,3.76,5.56
172,zaysan,kz,28.73,78.0,64.0,4.65,47.47
173,port alfred,za,65.05,95.0,24.0,12.82,-33.59
174,inuvik,ca,1.83,60.0,20.0,9.17,68.36
175,manama,bh,65.84,82.0,0.0,2.75,25.33
176,bemidji,us,30.85,46.0,1.0,4.7,47.48
177,altay,cn,19.33,76.0,88.0,2.08,47.83
178,salto,uy,75.35,62.0,0.0,4.21,-31.39
179,itaituba,br,79.67,82.0,20.0,4.09,-4.26
180,puerto madero,mx,79.41,61.0,0.0,9.17,-34.61
181,grindavik,is,29.44,92.0,90.0,17.22,63.84
182,saint-ambroise,ca,53.6,76.0,0.0,11.41,47.25
183,winneba,gh,82.4,83.0,75.0,10.29,5.35
184,port lincoln,au,78.91,59.0,0.0,10.8,-34.72
185,linden,gy,78.8,83.0,20.0,6.93,6.01
186,constitucion,mx,77.0,11.0,90.0,9.17,23.99
187,mlonggo,id,76.3,100.0,64.0,4.09,-6.53
188,karasjok,no,14.0,72.0,68.0,9.17,69.47
189,balud,ph,76.3,100.0,20.0,5.1,12.22
190,upernavik,gl,-16.9,100.0,0.0,4.65,72.79
191,marica,br,76.53,78.0,75.0,5.82,-22.92
192,bereda,so,59.0,77.0,75.0,20.8,43.27
193,padang,id,79.18,100.0,92.0,1.63,-0.92
194,ouesso,cg,70.36,100.0,32.0,2.19,1.61
195,mapiripan,co,80.3,70.0,12.0,7.56,2.89
196,zhovkva,ua,30.2,86.0,0.0,2.24,50.06
197,new norfolk,au,66.2,68.0,75.0,9.17,-42.78
198,kannangad,in,75.76,100.0,0.0,5.77,12.31
199,saint anthony,ca,40.41,65.0,1.0,19.46,43.97
200,san-pedro,ci,78.91,88.0,8.0,6.11,4.75
201,kilindoni,tz,83.45,100.0,80.0,14.61,-7.91
202,saryg-sep,ru,11.63,77.0,80.0,0.51,51.49
203,sabang,id,73.15,100.0,92.0,8.57,13.72
204,puerto ayora,ec,82.4,74.0,40.0,16.11,-0.74
205,nenjiang,cn,7.04,69.0,68.0,3.09,49.17
206,nyurba,ru,-11.01,55.0,48.0,2.75,63.29
207,koshurnikovo,ru,12.85,75.0,76.0,1.97,54.3
208,kieta,pg,80.71,100.0,80.0,3.76,-6.22
209,broken hill,au,82.15,31.0,0.0,8.79,-31.97
210,erdenet,mn,1.55,69.0,24.0,2.53,49.03
211,makinsk,kz,3.4,71.0,56.0,3.42,52.63
212,shar,kz,80.3,75.0,56.0,9.57,7.3
213,kaputa,zm,63.38,96.0,80.0,2.19,-8.47
214,komsomolskiy,ru,-3.49,76.0,64.0,8.46,67.55
215,chauk,mm,66.98,77.0,0.0,9.8,20.89
216,lorengau,pg,83.86,98.0,44.0,9.01,-2.02
217,necochea,ar,75.17,45.0,0.0,9.24,-38.55
218,hambantota,lk,79.45,100.0,32.0,8.46,6.12
219,nhulunbuy,au,84.2,79.0,32.0,10.29,-12.18
220,marquette,us,26.73,58.0,90.0,10.29,46.54
221,narsaq,gl,14.0,56.0,0.0,3.36,60.91
222,saiha,in,56.23,79.0,0.0,1.41,22.49
223,ribeira grande,pt,60.05,100.0,48.0,37.2,38.52
224,whitianga,nz,69.01,100.0,0.0,17.07,-36.83
225,cerinza,co,59.69,75.0,44.0,2.19,5.96
226,marzuq,ly,41.15,57.0,0.0,2.75,14.4
227,puri,in,72.56,94.0,8.0,3.76,-7.54
228,cabo san lucas,mx,81.57,21.0,20.0,8.05,22.89
229,salalah,om,75.2,78.0,20.0,2.24,17.01
230,san patricio,mx,74.9,62.0,12.0,2.64,-26.98
231,agustin codazzi,co,91.4,46.0,40.0,6.93,10.03
232,aksarka,ru,-3.4,77.0,64.0,12.15,66.56
233,teya,ru,84.2,51.0,40.0,6.93,21.05
234,leh,in,-9.16,70.0,56.0,0.51,34.16
235,verkhnevilyuysk,ru,-16.45,72.0,32.0,5.1,63.45
236,pevek,ru,-5.2,98.0,44.0,14.83,69.7
237,bethel,us,15.8,85.0,40.0,31.09,60.79
238,cidreira,br,71.66,81.0,0.0,14.16,-30.17
239,marienburg,sr,40.12,86.0,0.0,5.82,52.12
240,heishan,cn,20.27,67.0,0.0,10.02,41.69
241,hamilton,bm,62.6,59.0,75.0,20.8,32.3
242,kamaishi,jp,35.6,64.0,75.0,10.29,39.28
243,pandan,ph,77.83,100.0,80.0,15.73,11.72
244,amboasary,mg,77.0,88.0,20.0,11.41,-25.04
245,champerico,gt,95.0,26.0,20.0,6.93,16.38
246,qaanaaq,gl,-17.71,100.0,32.0,3.65,77.48
247,chuy,uy,70.85,76.0,12.0,11.25,-33.69
248,aksu,cn,15.8,92.0,90.0,4.47,52.04
249,zhigansk,ru,-14.74,67.0,48.0,7.78,66.77
250,hamada,jp,33.8,86.0,20.0,3.36,34.9
251,grand gaube,mu,71.6,88.0,20.0,5.82,-20.01
252,kitimat,ca,35.6,93.0,90.0,14.99,54.02
253,nata,bw,56.25,87.0,20.0,5.82,34.78
254,miri,my,64.82,58.0,0.0,2.75,10.31
255,rajo khanani,pk,65.68,54.0,0.0,4.09,24.98
256,mau,in,63.92,59.0,0.0,7.45,25.94
257,nikki,bj,75.89,63.0,0.0,2.75,9.94
258,bukachacha,ru,-4.03,72.0,32.0,2.42,52.99
259,port augusta,au,80.6,30.0,0.0,5.1,-32.49
260,yerbogachen,ru,-1.87,69.0,20.0,5.1,61.28
261,kermanshah,ir,46.4,61.0,0.0,9.17,34.32
262,mayumba,ga,78.77,100.0,36.0,5.77,-3.44
263,saint george,bm,39.2,86.0,0.0,4.7,39.45
264,gimli,ca,13.66,74.0,0.0,5.66,50.63
265,verkhoyansk,ru,-31.21,51.0,0.0,1.41,67.55
266,bela,pk,52.18,72.0,0.0,2.64,26.23
267,naliya,in,60.55,92.0,0.0,7.0,23.26
268,valley,us,42.8,93.0,92.0,14.99,53.28
269,nemuro,jp,29.36,100.0,92.0,21.32,43.32
270,mombetsu,jp,28.28,97.0,48.0,11.59,44.35
271,sao filipe,cv,71.66,93.0,0.0,12.82,14.9
272,zdvinsk,ru,7.58,75.0,88.0,3.09,54.7
273,ocos,gt,87.8,52.0,75.0,11.41,14.51
274,ellsworth,us,32.99,100.0,75.0,4.7,44.54
275,campoverde,pe,46.98,93.0,0.0,4.7,41.54
276,novobureyskiy,ru,0.2,64.0,0.0,2.64,49.8
277,flinders,au,71.6,60.0,75.0,3.36,-34.58
278,kirakira,sb,83.54,100.0,76.0,15.05,-10.46
279,semey,kz,27.43,97.0,92.0,6.44,50.41
280,port hardy,ca,44.6,70.0,75.0,8.05,50.7
281,rocha,uy,66.89,61.0,20.0,7.67,-34.48
282,itarema,br,79.67,85.0,88.0,7.11,-2.92
283,ilheus,br,81.61,99.0,0.0,10.25,-14.79
284,sao miguel do araguaia,br,77.96,91.0,68.0,4.65,-13.28
285,manikpur,in,62.75,41.0,0.0,4.76,25.07
286,bursa,tr,39.2,100.0,24.0,1.12,40.18
287,faanui,pf,83.05,98.0,68.0,12.03,-16.48
288,kruisfontein,za,61.36,90.0,24.0,11.7,-34.0
289,san ramon de la nueva oran,ar,73.82,97.0,36.0,2.42,-23.13
290,abaza,ru,13.88,85.0,80.0,2.42,52.65
291,kazachinskoye,ru,-5.29,55.0,20.0,3.65,57.69
292,yanam,in,73.55,85.0,0.0,3.09,16.73
293,bafoulabe,ml,78.41,29.0,0.0,9.46,13.81
294,guerrero negro,mx,67.7,60.0,0.0,10.13,27.97
295,raudeberg,no,35.6,80.0,80.0,9.17,61.99
296,almeirim,br,61.7,93.0,75.0,28.86,39.21
297,chipinge,zw,70.31,96.0,92.0,7.45,-20.19
298,petropavlovsk-kamchatskiy,ru,35.6,93.0,90.0,6.71,53.05
299,yumen,cn,31.03,55.0,0.0,4.43,40.29
300,khash,ir,41.24,83.0,0.0,2.53,28.22
301,klyuchi,ru,12.98,88.0,64.0,3.09,52.25
302,hay river,ca,12.2,72.0,20.0,4.7,60.82
303,longyearbyen,sj,3.2,59.0,0.0,14.99,78.22
304,samarai,pg,82.15,100.0,56.0,15.17,-10.62
305,fortuna,us,55.4,93.0,0.0,2.24,38.18
306,adre,td,65.27,38.0,0.0,4.65,13.47
307,henties bay,na,60.01,100.0,0.0,2.98,-22.12
308,rathdrum,us,41.0,100.0,75.0,18.34,52.93
309,dingle,ie,78.23,79.0,20.0,9.24,11.0
310,jinchang,cn,20.99,53.0,0.0,2.42,38.52
311,katsuura,jp,33.8,69.0,20.0,6.93,33.93
312,klaksvik,fo,37.4,86.0,88.0,6.93,62.23
313,brae,gb,34.83,100.0,24.0,2.24,60.4
314,hasaki,jp,41.0,86.0,75.0,8.05,35.73
315,westport,nz,39.13,100.0,92.0,18.63,53.8
316,cap-aux-meules,ca,30.2,92.0,90.0,32.21,47.38
317,ambilobe,mg,74.27,95.0,76.0,3.09,-13.19
318,sehithwa,bw,68.38,84.0,0.0,3.65,-20.47
319,victoria,sc,79.83,88.0,75.0,3.36,5.28
320,san juan,us,81.48,61.0,20.0,5.82,18.47
321,portobelo,pa,84.2,62.0,75.0,9.17,9.55
322,gandajika,cd,69.14,100.0,76.0,3.09,-6.75
323,constantine,dz,51.8,81.0,0.0,2.24,36.36
324,parana,ar,77.0,94.0,75.0,1.19,-7.52
325,tigre,pa,79.43,65.0,0.0,8.05,-34.42
326,lavrentiya,ru,11.68,100.0,56.0,28.81,65.58
327,egvekinot,ru,-4.12,75.0,64.0,7.23,66.32
328,yulara,au,69.8,83.0,90.0,16.11,-25.24
329,bianzhuang,cn,20.05,56.0,0.0,2.98,39.44
330,belle glade,us,64.13,47.0,1.0,4.7,26.68
331,ewa beach,us,73.49,60.0,75.0,13.87,21.32
332,bilibino,ru,-18.61,52.0,32.0,3.2,68.06
333,bonthe,sl,78.73,85.0,80.0,3.98,7.53
334,oranjemund,na,62.66,96.0,20.0,9.8,-28.55
335,atar,mr,72.65,26.0,0.0,7.78,20.52
336,atikokan,ca,22.3,61.0,44.0,2.53,48.76
337,arlit,ne,66.44,18.0,0.0,5.77,18.74
338,luwuk,id,83.63,83.0,0.0,3.53,-0.95
339,zyryanka,ru,-14.29,66.0,0.0,2.75,65.73
340,kingsville,us,37.74,44.0,75.0,18.34,39.45
341,codrington,ag,67.97,95.0,88.0,8.12,-28.95
342,bushehr,ir,63.61,63.0,0.0,8.57,28.97
343,lasa,cn,56.32,87.0,20.0,5.82,34.92
344,wahiawa,us,73.54,60.0,75.0,13.87,21.5
345,geraldton,ca,23.0,57.0,90.0,4.7,49.72
346,saint-paul,re,50.0,93.0,68.0,8.05,45.22
347,mahibadhoo,mv,83.23,100.0,0.0,11.81,3.78
348,carutapera,br,79.04,92.0,88.0,7.0,-1.2
349,navahrudak,by,34.36,95.0,88.0,8.01,53.59
350,hualmay,pe,70.58,73.0,12.0,2.42,-11.1
351,viramgam,in,68.0,60.0,0.0,3.36,23.12
352,asyut,eg,56.0,61.0,0.0,3.09,27.18
353,namibe,ao,74.23,100.0,64.0,3.53,-15.19
354,barbate,es,61.23,93.0,32.0,17.22,36.19
355,kolondieba,ml,77.24,57.0,32.0,1.52,11.09
356,kizukuri,jp,33.01,100.0,75.0,4.7,40.81
357,colonial heights,us,43.93,28.0,1.0,5.82,37.26
358,tempio pausania,it,50.0,87.0,20.0,8.05,40.9
359,lerwick,gb,34.7,100.0,88.0,2.24,60.15
360,los llanos de aridane,es,68.0,72.0,40.0,5.82,28.66
361,melilla,es,80.6,78.0,20.0,8.05,-0.8
362,kununurra,au,82.4,83.0,36.0,1.12,-15.77
363,methoni,gr,51.8,62.0,40.0,6.93,36.82
364,melfi,td,41.0,80.0,0.0,6.93,41.0
365,puerto narino,co,80.6,94.0,40.0,3.36,-3.77
366,havoysund,no,15.8,72.0,40.0,12.75,71.0
367,abbeville,us,50.86,87.0,90.0,5.82,50.11
368,amarpur,in,58.93,89.0,0.0,2.19,23.52
369,jamame,so,77.51,84.0,0.0,12.03,0.07
370,pimenta bueno,br,78.73,86.0,32.0,2.08,-11.68
371,ahipara,nz,74.0,74.0,48.0,11.48,-35.17
372,derzhavinsk,kz,12.89,87.0,80.0,4.21,51.1
373,tautira,pf,87.8,66.0,40.0,4.7,-17.73
374,laguna,br,84.2,23.0,40.0,9.17,27.52
375,dicabisagan,ph,70.0,100.0,100.0,12.82,17.08
376,haines junction,ca,21.4,75.0,44.0,6.22,60.75
377,labuhan,id,76.03,91.0,56.0,1.19,-2.54
378,awjilah,ly,58.3,55.0,0.0,3.2,29.14
379,khani,ru,44.6,93.0,75.0,5.82,41.96
380,westport,ie,39.13,100.0,92.0,18.63,53.8
381,pitimbu,br,80.6,74.0,20.0,9.17,-7.47
382,ponta do sol,pt,69.55,97.0,80.0,2.98,-20.63
383,poum,nc,27.25,92.0,0.0,1.74,41.28
384,sinnamary,gf,80.12,93.0,92.0,13.49,5.38
385,tagusao,ph,79.81,91.0,64.0,3.42,9.19
386,vardo,no,34.72,47.0,90.0,23.04,39.62
387,adrar,dz,69.8,9.0,0.0,4.76,27.87
388,seoul,kr,31.96,82.0,0.0,4.7,37.57
389,camacha,pt,62.6,82.0,20.0,13.87,33.08
390,carauari,br,79.36,92.0,48.0,1.97,-4.88
391,cabinda,ao,81.47,100.0,36.0,6.67,-5.56
392,shingu,jp,39.2,48.0,20.0,16.11,33.72
393,agra,gr,61.31,51.0,0.0,2.53,27.18
394,maumere,id,74.99,100.0,100.0,0.96,-8.63
395,santa barbara,bo,64.69,49.0,1.0,11.41,34.42
396,port hedland,au,84.2,48.0,88.0,10.29,-20.31
397,aragarcas,br,79.18,82.0,68.0,0.74,-15.9
398,quatre cocos,mu,71.6,88.0,20.0,5.82,-20.21
399,turayf,sa,51.8,76.0,0.0,9.17,31.68
400,opuwo,na,60.91,64.0,0.0,4.54,-18.06
401,saint-pierre,pm,53.6,76.0,0.0,14.99,48.95
402,mount gambier,au,78.05,56.0,0.0,5.44,-37.83
403,pitkyaranta,ru,23.78,90.0,92.0,11.25,61.57
404,manosque,fr,54.19,71.0,90.0,9.17,43.83
405,filingue,ne,76.52,26.0,0.0,10.69,14.35
406,pangody,ru,-1.24,80.0,80.0,5.77,65.85
407,ukiah,us,62.6,51.0,75.0,2.75,39.15
408,bacolod,ph,78.55,83.0,24.0,6.55,10.68
409,diego de almagro,cl,66.53,52.0,0.0,2.64,-26.39
410,quthing,ls,33.77,93.0,0.0,1.52,-30.4
411,san quintin,mx,73.4,69.0,75.0,6.93,17.54
412,kurara,in,64.01,39.0,0.0,2.64,25.98
413,san jeronimo,mx,45.83,97.0,48.0,1.41,-13.65
414,tiznit,ma,58.75,93.0,0.0,2.08,29.7
415,fare,pf,82.91,98.0,56.0,11.7,-16.7
416,sorland,no,31.25,100.0,24.0,17.63,67.67
417,kalemie,cd,73.37,100.0,88.0,3.76,-5.95
418,farafangana,mg,80.48,99.0,36.0,10.02,-22.82
419,aldan,ru,-12.31,55.0,0.0,2.42,58.61
420,jalu,ly,62.71,48.0,0.0,8.57,29.03
421,whitehorse,ca,28.4,63.0,75.0,14.99,60.72
422,kankan,gn,86.83,39.0,100.0,3.98,10.38
423,calbuco,cl,51.8,87.0,75.0,3.36,-41.77
424,lagoa,pt,60.8,100.0,75.0,19.46,37.14
425,priargunsk,ru,2.72,71.0,44.0,2.42,50.37
426,beyneu,kz,34.36,97.0,92.0,7.56,45.32
427,umm lajj,sa,63.02,100.0,0.0,5.21,25.02
428,mantua,cu,48.96,87.0,40.0,3.36,45.16
429,usinsk,ru,2.9,85.0,48.0,4.21,66.0
430,macklin,ca,21.17,92.0,80.0,12.03,52.34
431,muli,mv,61.4,69.0,0.0,7.67,22.62
432,luangwa,zm,70.81,96.0,56.0,8.23,-15.62
433,bathsheba,bb,78.8,78.0,40.0,21.92,13.22
434,bida,ng,79.13,76.0,0.0,2.75,9.08
435,stadskanaal,nl,40.14,86.0,20.0,5.82,52.99
436,buchanan,lr,77.0,94.0,20.0,6.22,5.88
437,alofi,nu,86.0,70.0,75.0,13.87,-19.06
438,hailin,cn,16.13,75.0,88.0,4.21,44.57
439,comodoro rivadavia,ar,62.6,36.0,40.0,12.75,-45.87
440,souillac,mu,55.4,82.0,92.0,18.34,45.6
441,kamenka,ru,1.37,70.0,0.0,6.44,53.19
442,fairfield,us,65.37,48.0,1.0,4.99,38.25
443,gravdal,no,35.6,69.0,56.0,12.75,59.79
444,richards bay,za,66.44,100.0,92.0,2.98,-28.77
445,filadelfia,py,74.86,98.0,92.0,6.67,-22.35
446,kloulklubed,pw,83.28,74.0,90.0,5.82,7.04
447,saint-pierre,re,53.6,76.0,0.0,14.99,48.95
448,ampanihy,mg,63.2,93.0,0.0,2.75,-24.69
449,paamiut,gl,22.88,100.0,0.0,22.32,61.99
450,nuuk,gl,8.6,84.0,20.0,11.41,64.17
451,teguldet,ru,-0.25,75.0,32.0,2.53,57.31
452,anchorage,us,35.62,64.0,90.0,14.16,61.22
453,gambela,et,67.34,73.0,68.0,1.07,8.25
454,mount isa,au,73.4,94.0,44.0,10.29,-20.73
455,katakwi,ug,65.95,72.0,0.0,3.76,1.91
456,bull savanna,jm,70.58,92.0,32.0,3.42,17.89
457,vieques,us,81.43,61.0,20.0,5.82,18.43
458,san carlos de bariloche,ar,42.5,56.0,88.0,1.74,-41.13
459,ximei,cn,51.8,71.0,40.0,8.05,23.74
460,ossora,ru,9.43,91.0,92.0,14.27,59.24
461,tuatapere,nz,56.95,100.0,36.0,7.23,-46.13
462,bambous virieux,mu,71.6,88.0,20.0,5.82,-20.34
463,gazanjyk,tm,53.39,88.0,32.0,9.8,39.24
464,yangjiang,cn,59.11,100.0,0.0,13.27,21.85
465,bilma,ne,63.02,24.0,0.0,1.19,18.69
466,portland,au,52.25,46.0,75.0,2.75,45.52
467,santo domingo,ec,80.6,78.0,40.0,5.82,18.48
468,kungurtug,ru,14.65,52.0,88.0,5.44,50.6
469,coquimbo,cl,62.6,82.0,0.0,6.93,-29.95
470,tessalit,ml,61.76,31.0,0.0,4.21,20.2
471,troitskoye,ru,18.92,90.0,92.0,2.53,52.98
472,keta,gh,84.2,79.0,20.0,10.29,5.92
473,kulu,tr,69.01,100.0,68.0,4.21,3.47
474,dhidhdhoo,mv,82.6,100.0,0.0,8.23,6.88
475,puerto del rosario,es,67.01,77.0,64.0,4.7,28.5
476,ostrovnoy,ru,5.96,81.0,68.0,15.73,68.05
477,bukoba,tz,67.07,100.0,36.0,7.23,-1.33
478,albion,mu,46.42,49.0,1.0,6.93,41.69
479,namatanai,pg,82.46,100.0,64.0,12.71,-3.66
480,fairbanks,us,27.19,79.0,75.0,8.05,64.84
481,huilong,cn,36.38,79.0,24.0,1.74,28.89
482,mokobeng,bw,68.65,83.0,88.0,10.47,-23.0
483,te anau,nz,60.95,70.0,24.0,3.53,-45.41
484,macau,br,81.11,65.0,8.0,8.46,-5.11
485,buriti,br,69.68,74.0,0.0,3.65,-28.3
486,beringovskiy,ru,-4.35,94.0,0.0,26.24,63.05
487,cockburn town,tc,73.46,100.0,56.0,15.73,21.46
488,lakes entrance,au,71.84,81.0,0.0,2.98,-37.88
489,nisia floresta,br,82.4,74.0,40.0,8.05,-6.09
490,meulaboh,id,76.97,100.0,80.0,2.64,4.14
491,mezen,ru,-1.65,71.0,0.0,2.98,65.85
492,santa fe,cu,78.28,47.0,0.0,6.11,-31.62
493,vila velha,br,82.4,78.0,40.0,6.93,-3.71
494,ishigaki,jp,59.0,54.0,75.0,4.7,24.34
495,bara,sd,69.23,42.0,0.0,3.98,10.41
496,gwadar,pk,64.91,99.0,36.0,2.64,25.12
497,vestmannaeyjar,is,26.48,100.0,0.0,8.23,63.44
498,batagay-alyta,ru,-28.6,42.0,12.0,1.74,67.8
499,batangafo,cf,74.99,73.0,68.0,13.27,7.3
500,victor harbor,au,86.0,20.0,0.0,10.29,-35.55
501,shache,cn,33.14,75.0,0.0,3.09,38.42
502,rundu,na,67.66,90.0,64.0,2.64,-17.91
503,charters towers,au,71.53,92.0,100.0,11.25,-20.07
504,inndyr,no,24.8,62.0,0.0,20.8,67.03
505,antofagasta,cl,66.2,68.0,0.0,12.75,-23.65
506,milledgeville,us,57.76,46.0,1.0,4.43,33.08
507,sainte-rose,re,31.42,68.0,40.0,4.7,45.61
508,ust-tarka,ru,7.85,82.0,64.0,2.98,55.56
509,port blair,in,82.96,100.0,0.0,14.27,11.67
510,bowen,au,75.2,83.0,75.0,14.99,-20.01
511,avera,pf,57.34,43.0,1.0,5.82,33.19
512,alta floresta,br,74.81,97.0,56.0,1.97,-9.87
513,caravelas,br,81.65,100.0,64.0,20.65,-17.73
514,marau,br,70.22,63.0,92.0,3.65,-28.45
515,nueva gerona,cu,74.27,83.0,0.0,9.46,21.88
516,ivnya,ru,23.0,92.0,0.0,4.47,51.06
517,oistins,bb,78.8,78.0,40.0,21.92,13.07
518,high level,ca,28.4,54.0,20.0,8.05,58.52
519,trairi,br,82.73,100.0,92.0,13.82,-3.28
520,kokologo,bf,86.0,17.0,0.0,3.36,12.19
521,ozinki,ru,7.13,78.0,0.0,8.68,51.2
522,palembang,id,73.06,99.0,92.0,5.1,-2.99
523,chachapoyas,pe,62.35,91.0,36.0,1.63,-6.23
524,taoudenni,ml,62.75,33.0,0.0,6.11,22.68
525,eyl,so,71.21,100.0,0.0,12.59,7.98
526,peniche,pt,60.8,93.0,75.0,27.51,39.36
527,saint-raphael,fr,71.53,82.0,80.0,3.2,19.43
528,dunedin,nz,59.11,87.0,0.0,3.53,-45.87
529,boyolangu,id,72.56,94.0,8.0,3.76,-8.09
530,constitucion,cl,77.0,11.0,90.0,9.17,23.99
531,messini,gr,51.8,62.0,40.0,6.93,37.05
532,bucerias,mx,75.2,88.0,75.0,10.29,20.76
533,dubovskoye,ru,31.34,98.0,92.0,3.53,47.41
534,inverell,au,66.98,68.0,0.0,11.59,-29.78
535,sawakin,sd,75.2,69.0,0.0,4.7,19.1
536,intipuca,sv,96.8,23.0,0.0,3.36,13.2
537,emba,kz,56.43,87.0,20.0,5.82,34.81
538,mehamn,no,17.6,78.0,75.0,2.24,71.03
539,midland,us,81.9,8.0,92.0,12.75,32.0
540,ingersoll,ca,28.4,79.0,90.0,10.29,43.04
541,boguchany,ru,-7.36,60.0,0.0,2.53,58.38
542,inyonga,tz,62.48,95.0,64.0,2.53,-6.72
543,bintulu,my,77.0,94.0,75.0,3.36,3.17
544,sheopur,in,57.53,64.0,0.0,3.76,25.67
545,nuevitas,cu,73.4,64.0,75.0,16.11,21.55
546,acari,pe,73.33,85.0,20.0,8.79,-6.44
547,ust-nera,ru,-20.55,53.0,12.0,1.97,64.57
548,buta,cd,69.73,98.0,80.0,4.09,2.79
549,talakan,ru,-0.21,64.0,0.0,2.53,50.29
550,kajiado,ke,68.0,77.0,40.0,4.7,-1.85
551,termoli,it,46.64,86.0,0.0,2.19,42.0
552,goderich,sl,29.68,80.0,88.0,12.59,43.74
553,wenatchee,us,50.58,29.0,1.0,10.29,47.42
554,new bern,us,48.67,36.0,1.0,5.82,35.11
555,sept-iles,ca,28.4,92.0,90.0,14.99,50.2
556,zagreb,hr,41.76,70.0,0.0,10.29,45.81
557,atascocita,us,69.01,64.0,90.0,10.29,30.0
558,muroto,jp,41.0,38.0,20.0,20.8,33.37
559,sangar,ru,-20.95,60.0,0.0,2.42,63.92
560,garissa,ke,71.26,62.0,0.0,6.55,-0.46
561,kolokani,ml,75.31,28.0,0.0,9.46,13.58
562,ban tak,th,63.88,96.0,36.0,2.42,17.04
563,umm kaddadah,sd,68.06,22.0,0.0,8.79,13.6
564,hami,cn,32.2,59.0,0.0,4.21,42.84
565,barda,ru,9.11,84.0,56.0,4.09,56.93
566,barcelos,br,59.0,93.0,75.0,19.46,41.53
567,skjervoy,no,14.15,100.0,0.0,7.0,70.03
568,ingham,au,81.65,88.0,36.0,15.61,-18.65
569,maxixe,mz,77.65,91.0,32.0,12.82,-23.86
570,vao,nc,28.64,94.0,76.0,8.23,59.1
571,panguna,pg,77.96,93.0,92.0,4.65,-6.32
572,puerto leguizamo,co,78.73,86.0,0.0,2.75,-0.19
573,hammerfest,no,15.8,72.0,40.0,12.75,70.66
574,sonari,in,56.18,96.0,56.0,1.97,27.03
575,kaduqli,sd,69.41,56.0,0.0,3.09,11.01
576,cao bang,vn,40.52,77.0,0.0,2.42,22.67
577,tazovskiy,ru,1.33,81.0,80.0,4.09,67.47
578,hovd,mn,26.6,86.0,90.0,4.7,63.83
579,paka,my,37.4,76.0,0.0,8.05,45.29
580,isla mujeres,mx,69.8,100.0,90.0,20.8,21.23
581,slave lake,ca,30.2,63.0,1.0,19.46,55.28
582,brenham,us,70.09,60.0,90.0,9.17,30.17
583,suruc,tr,39.2,64.0,0.0,8.79,36.98
584,havre-saint-pierre,ca,30.2,74.0,90.0,18.34,50.23
585,hervey bay,au,79.0,93.0,8.0,19.3,-25.3
586,khandyga,ru,-17.98,52.0,0.0,2.53,62.65
587,nome,us,68.0,60.0,90.0,9.17,30.04
588,boone,us,35.37,69.0,90.0,6.93,42.06
589,pachino,it,58.34,99.0,0.0,8.57,36.72
590,lokosovo,ru,3.89,81.0,68.0,3.42,61.13
591,laibin,cn,43.67,80.0,0.0,2.53,23.74
592,berlevag,no,17.6,78.0,75.0,2.24,70.86
593,san felipe,ve,71.6,49.0,0.0,12.75,-32.75
594,midrand,za,63.18,68.0,0.0,6.93,-26.0
595,marsaxlokk,mt,57.2,100.0,20.0,5.82,35.84
596,haimen,cn,40.52,95.0,0.0,6.22,31.87
597,telfs,at,35.76,87.0,68.0,10.29,47.3
598,zhireken,ru,-4.03,72.0,32.0,2.42,52.82
599,flin flon,ca,24.8,58.0,90.0,5.82,54.77
600,cassilandia,br,75.58,91.0,32.0,2.64,-19.11
601,susanville,us,48.2,49.0,75.0,13.87,40.42
602,alghero,it,46.4,93.0,0.0,3.36,40.56
603,lapy,pl,34.04,97.0,92.0,7.0,52.99
604,santa cruz,cr,62.56,42.0,1.0,3.36,36.97
605,benito juarez,mx,84.31,14.0,0.0,8.46,28.64
606,dongkan,cn,36.83,72.0,12.0,12.59,34.0
607,leskovac,rs,39.2,69.0,0.0,3.36,43.0
608,tsybuliv,ua,34.67,98.0,88.0,8.79,49.08
609,kurilsk,ru,23.38,100.0,88.0,16.51,45.23
610,santa luzia,br,71.01,88.0,40.0,8.05,-19.77
611,aras,no,32.65,48.0,0.0,1.41,14.28
612,grants pass,us,50.4,81.0,40.0,3.36,42.44
613,taunggyi,mm,48.8,78.0,0.0,3.98,20.78
614,nagato,jp,38.53,69.0,20.0,1.12,34.35
615,belaya gora,ru,-29.14,48.0,8.0,2.98,68.54
